open_time,open,high,low,close,close_time,volume,BLB,BUB,isUpTrend
2022-01-01 00:00:00,4.709,4.892,4.704,4.794,2022-01-01 11:59:59.999,3145140.5,,,True
2022-01-01 12:00:00,4.794,4.956,4.769,4.942,2022-01-01 23:59:59.999,3393113.1,,,True
2022-01-02 00:00:00,4.941,4.947,4.783,4.891,2022-01-02 11:59:59.999,2808053.3,,,True
2022-01-02 12:00:00,4.891,4.946,4.804,4.883,2022-01-02 23:59:59.999,3465498.7,,,True
2022-01-03 00:00:00,4.882,4.883,4.758,4.837,2022-01-03 11:59:59.999,2688200.0,,,True
2022-01-03 12:00:00,4.837,4.874,4.616,4.703,2022-01-03 23:59:59.999,4461379.1,,,True
2022-01-04 00:00:00,4.704,4.796,4.585,4.793,2022-01-04 11:59:59.999,3303182.4,,,True
2022-01-04 12:00:00,4.794,4.95,4.692,4.724,2022-01-04 23:59:59.999,5877635.0,,,True
2022-01-05 00:00:00,4.725,5.135,4.722,5.06,2022-01-05 11:59:59.999,7548376.0,,,True
2022-01-05 12:00:00,5.059,5.244,4.138,4.411,2022-01-05 23:59:59.999,15672207.6,,,True
2022-01-06 00:00:00,4.412,4.448,4.149,4.23,2022-01-06 11:59:59.999,7922066.5,,,True
2022-01-06 12:00:00,4.23,4.434,4.17,4.384,2022-01-06 23:59:59.999,5835941.0,,,True
2022-01-07 00:00:00,4.383,4.402,4.004,4.197,2022-01-07 11:59:59.999,8923394.4,,,True
2022-01-07 12:00:00,4.197,4.256,4.03,4.189,2022-01-07 23:59:59.999,6639681.6,,,True
2022-01-08 00:00:00,4.19,4.34,4.17,4.282,2022-01-08 11:59:59.999,4183375.8,,,True
2022-01-08 12:00:00,4.283,4.295,3.8,3.972,2022-01-08 23:59:59.999,8584624.2,,,True
2022-01-09 00:00:00,3.973,4.105,3.925,4.084,2022-01-09 11:59:59.999,4593344.9,,,True
2022-01-09 12:00:00,4.084,4.146,3.982,4.036,2022-01-09 23:59:59.999,3910898.9,,,True
2022-01-10 00:00:00,4.036,4.128,3.959,3.97,2022-01-10 11:59:59.999,3738334.3,,,True
2022-01-10 12:00:00,3.971,3.977,3.678,3.84,2022-01-10 23:59:59.999,8499454.1,0.9695,0.9695,True
2022-01-11 00:00:00,3.84,4.051,3.799,3.961,2022-01-11 11:59:59.999,3563511.0,1.035,1.035,True
2022-01-11 12:00:00,3.961,4.161,3.887,4.096,2022-01-11 23:59:59.999,4293545.8,1.0905,1.0905,True
2022-01-12 00:00:00,4.096,4.249,4.093,4.213,2022-01-12 11:59:59.999,3250726.6,1.2415,1.2415,True
2022-01-12 12:00:00,4.211,4.364,4.204,4.272,2022-01-12 23:59:59.999,4807279.7,1.3455,1.3455,True
2022-01-13 00:00:00,4.274,4.296,4.171,4.202,2022-01-13 11:59:59.999,3387236.0,1.3455,1.3455,True
2022-01-13 12:00:00,4.201,4.266,3.957,3.979,2022-01-13 23:59:59.999,6820330.7,1.3455,1.3455,True
2022-01-14 00:00:00,3.979,4.091,3.875,3.925,2022-01-14 11:59:59.999,3983289.7,1.3455,1.3455,True
2022-01-14 12:00:00,3.926,4.15,3.878,4.136,2022-01-14 23:59:59.999,4201851.5,1.3455,1.3455,True
2022-01-15 00:00:00,4.136,4.154,4.058,4.119,2022-01-15 11:59:59.999,2088091.1,1.3455,1.3455,True
2022-01-15 12:00:00,4.118,4.159,4.045,4.092,2022-01-15 23:59:59.999,2878151.7,1.783,1.783,True
2022-01-16 00:00:00,4.093,4.137,4.041,4.13,2022-01-16 11:59:59.999,2101777.2,1.8715,1.8715,True
2022-01-16 12:00:00,4.129,4.295,4.122,4.205,2022-01-16 23:59:59.999,4048563.7,2.0365,2.0365,True
2022-01-17 00:00:00,4.206,4.221,4.006,4.024,2022-01-17 11:59:59.999,3438331.3,2.0365,2.0365,True
2022-01-17 12:00:00,4.023,4.034,3.887,3.957,2022-01-17 23:59:59.999,4912121.9,2.0365,2.0365,True
2022-01-18 00:00:00,3.958,4.033,3.833,3.898,2022-01-18 11:59:59.999,4106454.3,2.0365,2.0365,True
2022-01-18 12:00:00,3.899,4.252,3.839,4.214,2022-01-18 23:59:59.999,11604551.5,2.0365,2.0365,True
2022-01-19 00:00:00,4.213,4.39,4.126,4.32,2022-01-19 11:59:59.999,11798168.2,2.201,2.201,True
2022-01-19 12:00:00,4.319,4.479,4.279,4.334,2022-01-19 23:59:59.999,10747788.0,2.304,2.304,True
2022-01-20 00:00:00,4.333,4.478,4.305,4.431,2022-01-20 11:59:59.999,6783038.2,2.3145,2.3145,True
2022-01-20 12:00:00,4.43,4.665,4.076,4.093,2022-01-20 23:59:59.999,12109874.5,2.3145,2.3145,True
2022-01-21 00:00:00,4.094,4.356,3.854,3.89,2022-01-21 11:59:59.999,15184654.2,2.3145,2.3145,True
2022-01-21 12:00:00,3.89,3.894,3.28,3.411,2022-01-21 23:59:59.999,22060856.053,2.3145,2.3145,True
2022-01-22 00:00:00,3.409,3.472,2.336,2.694,2022-01-22 11:59:59.999,44766151.147,2.3145,2.3145,True
2022-01-22 12:00:00,2.696,2.87,2.597,2.758,2022-01-22 23:59:59.999,25087833.5,2.3145,2.3145,True
2022-01-23 00:00:00,2.759,2.941,2.706,2.804,2022-01-23 11:59:59.999,12916232.7,2.3145,2.3145,True
2022-01-23 12:00:00,2.804,2.837,2.614,2.784,2022-01-23 23:59:59.999,12660401.8,2.3145,2.3145,True
2022-01-24 00:00:00,2.784,2.784,2.3,2.343,2022-01-24 11:59:59.999,15687699.621,2.3145,2.3145,True
2022-01-24 12:00:00,2.345,2.663,2.274,2.597,2022-01-24 23:59:59.999,20770877.551,2.3145,2.3145,True
2022-01-25 00:00:00,2.596,2.695,2.484,2.627,2022-01-25 11:59:59.999,8193410.1,2.3145,2.3145,True
2022-01-25 12:00:00,2.628,2.709,2.554,2.605,2022-01-25 23:59:59.999,9788504.6,2.3145,2.3145,True
2022-01-26 00:00:00,2.605,2.746,2.585,2.708,2022-01-26 11:59:59.999,6119425.4,2.3145,2.3145,True
2022-01-26 12:00:00,2.707,3.115,2.675,2.812,2022-01-26 23:59:59.999,26632271.3,2.3145,2.3145,True
2022-01-27 00:00:00,2.812,3.055,2.771,3.049,2022-01-27 11:59:59.999,21333570.4,2.3145,2.3145,True
2022-01-27 12:00:00,3.05,3.175,2.836,2.895,2022-01-27 23:59:59.999,18697236.7,2.3145,2.3145,True
2022-01-28 00:00:00,2.893,3.006,2.815,2.9,2022-01-28 11:59:59.999,7708909.2,2.3145,2.3145,True
2022-01-28 12:00:00,2.901,2.964,2.796,2.943,2022-01-28 23:59:59.999,7862071.3,2.3145,2.3145,True
2022-01-29 00:00:00,2.944,3.024,2.925,2.988,2022-01-29 11:59:59.999,4123252.9,2.3145,2.3145,True
2022-01-29 12:00:00,2.988,3.019,2.882,2.987,2022-01-29 23:59:59.999,5989014.2,2.3145,2.3145,True
2022-01-30 00:00:00,2.988,3.115,2.942,3.073,2022-01-30 11:59:59.999,4486144.8,2.3145,2.3145,True
2022-01-30 12:00:00,3.072,3.083,2.809,2.88,2022-01-30 23:59:59.999,6728698.2,2.3145,2.3145,True
2022-01-31 00:00:00,2.88,2.884,2.705,2.767,2022-01-31 11:59:59.999,6164056.0,2.3145,2.3145,True
2022-01-31 12:00:00,2.768,2.948,2.73,2.938,2022-01-31 23:59:59.999,7479496.0,2.3145,2.3145,True
2022-02-01 00:00:00,2.938,2.974,2.874,2.913,2022-02-01 11:59:59.999,5344054.9,2.3145,2.3145,True
2022-02-01 12:00:00,2.912,2.977,2.893,2.92,2022-02-01 23:59:59.999,4812338.6,2.3145,2.3145,True
2022-02-02 00:00:00,2.921,2.934,2.852,2.927,2022-02-02 11:59:59.999,3038501.3,2.3145,2.3145,True
2022-02-02 12:00:00,2.927,2.953,2.71,2.751,2022-02-02 23:59:59.999,7084605.6,2.3145,2.3145,True
2022-02-03 00:00:00,2.75,2.784,2.682,2.775,2022-02-03 11:59:59.999,3912483.1,2.3145,2.3145,True
2022-02-03 12:00:00,2.775,2.834,2.701,2.798,2022-02-03 23:59:59.999,6504412.6,2.3145,2.3145,True
2022-02-04 00:00:00,2.798,2.904,2.771,2.883,2022-02-04 11:59:59.999,4758693.4,2.3145,2.3145,True
2022-02-04 12:00:00,2.884,3.058,2.819,3.051,2022-02-04 23:59:59.999,8976865.3,2.3145,2.3145,True
2022-02-05 00:00:00,3.051,3.42,3.037,3.335,2022-02-05 11:59:59.999,13244771.7,2.3145,2.3145,True
2022-02-05 12:00:00,3.335,3.438,3.158,3.267,2022-02-05 23:59:59.999,9823985.6,2.3145,2.3145,True
2022-02-06 00:00:00,3.266,3.614,3.266,3.504,2022-02-06 11:59:59.999,13062817.8,2.3145,2.3145,True
2022-02-06 12:00:00,3.504,3.534,3.357,3.505,2022-02-06 23:59:59.999,8202847.1,2.3145,2.3145,True
2022-02-07 00:00:00,3.505,3.592,3.413,3.476,2022-02-07 11:59:59.999,8042761.1,2.3145,2.3145,True
2022-02-07 12:00:00,3.477,3.704,3.432,3.595,2022-02-07 23:59:59.999,8931169.2,2.3145,2.3145,True
2022-02-08 00:00:00,3.595,3.61,3.268,3.355,2022-02-08 11:59:59.999,9486528.8,2.3145,2.3145,True
2022-02-08 12:00:00,3.356,3.465,3.227,3.451,2022-02-08 23:59:59.999,8312571.3,2.3145,2.3145,True
2022-02-09 00:00:00,3.451,3.469,3.252,3.384,2022-02-09 11:59:59.999,4881842.7,2.3145,2.3145,True
2022-02-09 12:00:00,3.383,3.48,3.369,3.439,2022-02-09 23:59:59.999,4743125.1,2.3145,2.3145,True
2022-02-10 00:00:00,3.439,3.812,3.323,3.784,2022-02-10 11:59:59.999,10414480.2,2.3145,2.3145,True
2022-02-10 12:00:00,3.783,4.15,3.615,4.063,2022-02-10 23:59:59.999,31710193.0,2.3145,2.3145,True
2022-02-11 00:00:00,4.065,4.388,3.887,4.046,2022-02-11 11:59:59.999,27493984.4,2.3145,2.3145,True
2022-02-11 12:00:00,4.047,4.092,3.812,3.952,2022-02-11 23:59:59.999,15855040.2,2.3145,2.3145,True
2022-02-12 00:00:00,3.952,4.25,3.793,3.819,2022-02-12 11:59:59.999,16320132.5,2.3145,2.3145,True
2022-02-12 12:00:00,3.818,4.098,3.709,3.899,2022-02-12 23:59:59.999,11807473.0,2.3145,2.3145,True
2022-02-13 00:00:00,3.899,3.939,3.756,3.782,2022-02-13 11:59:59.999,4989825.0,2.3145,2.3145,True
2022-02-13 12:00:00,3.782,3.811,3.568,3.576,2022-02-13 23:59:59.999,7149550.1,2.3145,2.3145,True
2022-02-14 00:00:00,3.576,3.587,3.448,3.507,2022-02-14 11:59:59.999,6481039.7,2.3145,2.3145,True
2022-02-14 12:00:00,3.508,3.782,3.464,3.571,2022-02-14 23:59:59.999,11240174.2,2.3145,2.3145,True
2022-02-15 00:00:00,3.572,3.87,3.558,3.81,2022-02-15 11:59:59.999,8947286.6,2.3145,2.3145,True
2022-02-15 12:00:00,3.81,3.871,3.737,3.86,2022-02-15 23:59:59.999,5148739.7,2.3145,2.3145,True
2022-02-16 00:00:00,3.86,4.052,3.748,3.928,2022-02-16 11:59:59.999,10922076.1,2.3145,2.3145,True
2022-02-16 12:00:00,3.927,4.015,3.821,3.899,2022-02-16 23:59:59.999,11291595.8,2.3145,2.3145,True
2022-02-17 00:00:00,3.898,3.967,3.67,3.709,2022-02-17 11:59:59.999,7188357.9,2.3145,2.3145,True
2022-02-17 12:00:00,3.709,3.754,3.389,3.446,2022-02-17 23:59:59.999,10067205.9,2.3145,2.3145,True
2022-02-18 00:00:00,3.446,3.57,3.396,3.422,2022-02-18 11:59:59.999,6337279.5,2.3145,2.3145,True
2022-02-18 12:00:00,3.423,3.482,3.258,3.299,2022-02-18 23:59:59.999,7222431.4,2.3145,2.3145,True
2022-02-19 00:00:00,3.298,3.365,3.143,3.169,2022-02-19 11:59:59.999,3905593.5,2.3145,2.3145,True
2022-02-19 12:00:00,3.168,3.273,3.104,3.218,2022-02-19 23:59:59.999,4618621.9,2.3145,2.3145,True
2022-02-20 00:00:00,3.219,3.224,2.953,3.013,2022-02-20 11:59:59.999,6306278.0,2.3145,2.3145,True
2022-02-20 12:00:00,3.013,3.039,2.869,2.965,2022-02-20 23:59:59.999,4772140.5,2.3145,2.3145,True
2022-02-21 00:00:00,2.965,3.146,2.883,2.918,2022-02-21 11:59:59.999,7261940.4,2.3145,2.3145,True
2022-02-21 12:00:00,2.917,3.026,2.648,2.676,2022-02-21 23:59:59.999,9848398.0,2.3145,2.3145,True
2022-02-22 00:00:00,2.675,2.828,2.595,2.816,2022-02-22 11:59:59.999,7709467.1,2.3145,2.3145,True
2022-02-22 12:00:00,2.815,2.908,2.767,2.883,2022-02-22 23:59:59.999,6457226.0,2.3145,2.3145,True
2022-02-23 00:00:00,2.883,2.968,2.82,2.911,2022-02-23 11:59:59.999,6300867.8,2.3145,2.3145,True
2022-02-23 12:00:00,2.913,2.978,2.675,2.687,2022-02-23 23:59:59.999,6675845.4,2.3145,2.3145,True
2022-02-24 00:00:00,2.686,2.705,2.271,2.35,2022-02-24 11:59:59.999,17284608.5,2.3145,2.3145,True
2022-02-24 12:00:00,2.348,2.722,2.307,2.615,2022-02-24 23:59:59.999,15291353.9,2.3145,2.3145,True
2022-02-25 00:00:00,2.615,2.687,2.555,2.677,2022-02-25 11:59:59.999,6301696.0,2.3145,2.3145,True
2022-02-25 12:00:00,2.678,2.902,2.671,2.824,2022-02-25 23:59:59.999,9383295.5,2.3145,2.3145,True
2022-02-26 00:00:00,2.824,2.906,2.759,2.793,2022-02-26 11:59:59.999,4985311.8,2.3145,2.3145,True
2022-02-26 12:00:00,2.791,2.9,2.771,2.839,2022-02-26 23:59:59.999,4875658.8,2.3145,2.3145,True
2022-02-27 00:00:00,2.839,2.866,2.688,2.846,2022-02-27 11:59:59.999,4094769.1,2.3145,2.3145,True
2022-02-27 12:00:00,2.846,2.992,2.712,2.75,2022-02-27 23:59:59.999,11078224.9,2.3145,2.3145,True
2022-02-28 00:00:00,2.749,2.795,2.643,2.747,2022-02-28 11:59:59.999,4857109.8,2.3145,2.3145,True
2022-02-28 12:00:00,2.747,3.379,2.703,3.36,2022-02-28 23:59:59.999,12071142.2,2.3145,2.3145,True
2022-03-01 00:00:00,3.361,3.409,3.172,3.269,2022-03-01 11:59:59.999,8038831.6,2.3145,2.3145,True
2022-03-01 12:00:00,3.268,3.45,3.201,3.286,2022-03-01 23:59:59.999,10103308.3,2.3145,2.3145,True
2022-03-02 00:00:00,3.286,3.307,3.143,3.239,2022-03-02 11:59:59.999,6197085.3,2.3145,2.3145,True
2022-03-02 12:00:00,3.239,3.289,3.117,3.181,2022-03-02 23:59:59.999,6023632.1,2.3145,2.3145,True
2022-03-03 00:00:00,3.182,3.46,3.112,3.213,2022-03-03 11:59:59.999,8902866.8,2.3145,2.3145,True
2022-03-03 12:00:00,3.21,3.255,3.004,3.068,2022-03-03 23:59:59.999,5499264.5,2.3145,2.3145,True
2022-03-04 00:00:00,3.068,3.076,2.901,3.059,2022-03-04 11:59:59.999,4727326.3,2.3145,2.3145,True
2022-03-04 12:00:00,3.059,3.066,2.777,2.817,2022-03-04 23:59:59.999,5284510.9,2.3145,2.3145,True
2022-03-05 00:00:00,2.817,2.873,2.734,2.859,2022-03-05 11:59:59.999,3436932.5,2.3145,2.3145,True
2022-03-05 12:00:00,2.858,2.909,2.813,2.876,2022-03-05 23:59:59.999,2782372.7,2.3145,2.3145,True
2022-03-06 00:00:00,2.876,2.913,2.713,2.768,2022-03-06 11:59:59.999,3211100.9,2.3145,2.3145,True
2022-03-06 12:00:00,2.768,2.839,2.688,2.707,2022-03-06 23:59:59.999,3035142.0,2.3145,2.3145,True
2022-03-07 00:00:00,2.706,2.713,2.615,2.689,2022-03-07 11:59:59.999,3557366.7,2.3145,2.3145,True
2022-03-07 12:00:00,2.691,2.845,2.598,2.707,2022-03-07 23:59:59.999,5571221.3,2.3145,2.3145,True
2022-03-08 00:00:00,2.707,3.041,2.691,2.94,2022-03-08 11:59:59.999,7037684.4,2.3145,2.3145,True
2022-03-08 12:00:00,2.94,2.954,2.782,2.842,2022-03-08 23:59:59.999,5450283.1,2.3145,2.3145,True
2022-03-09 00:00:00,2.841,3.148,2.823,3.115,2022-03-09 11:59:59.999,6125742.6,2.3145,2.3145,True
2022-03-09 12:00:00,3.115,3.151,2.986,3.06,2022-03-09 23:59:59.999,3625997.3,2.3145,2.3145,True
2022-03-10 00:00:00,3.06,3.067,2.812,2.897,2022-03-10 11:59:59.999,4664165.7,2.3145,2.3145,True
2022-03-10 12:00:00,2.894,2.936,2.784,2.871,2022-03-10 23:59:59.999,3603775.8,2.3145,2.3145,True
2022-03-11 00:00:00,2.87,3.008,2.759,2.921,2022-03-11 11:59:59.999,5496039.2,2.3145,2.3145,True
2022-03-11 12:00:00,2.921,2.949,2.752,2.775,2022-03-11 23:59:59.999,2830201.8,2.3145,2.3145,True
2022-03-12 00:00:00,2.775,2.853,2.769,2.809,2022-03-12 11:59:59.999,1993043.6,2.3145,2.3145,True
2022-03-12 12:00:00,2.809,2.869,2.795,2.832,2022-03-12 23:59:59.999,1981490.0,2.3145,2.3145,True
2022-03-13 00:00:00,2.832,2.892,2.799,2.829,2022-03-13 11:59:59.999,1790145.9,2.3145,2.3145,True
2022-03-13 12:00:00,2.829,2.83,2.684,2.688,2022-03-13 23:59:59.999,3365116.4,2.3145,2.3145,True
2022-03-14 00:00:00,2.688,2.788,2.668,2.739,2022-03-14 11:59:59.999,2988150.2,2.3145,2.3145,True
2022-03-14 12:00:00,2.738,2.789,2.656,2.776,2022-03-14 23:59:59.999,3068304.9,2.3145,2.3145,True
2022-03-15 00:00:00,2.777,2.786,2.628,2.673,2022-03-15 11:59:59.999,2659391.6,2.3145,2.3145,True
2022-03-15 12:00:00,2.672,2.762,2.637,2.721,2022-03-15 23:59:59.999,3672537.5,2.3145,2.3145,True
2022-03-16 00:00:00,2.721,2.828,2.664,2.748,2022-03-16 11:59:59.999,3664348.5,2.3145,2.3145,True
2022-03-16 12:00:00,2.749,2.906,2.677,2.902,2022-03-16 23:59:59.999,4770697.5,2.3145,2.3145,True
2022-03-17 00:00:00,2.902,2.921,2.815,2.881,2022-03-17 11:59:59.999,2728634.9,2.3145,2.3145,True
2022-03-17 12:00:00,2.882,2.926,2.822,2.85,2022-03-17 23:59:59.999,2637993.8,2.3145,2.3145,True
2022-03-18 00:00:00,2.85,2.856,2.774,2.798,2022-03-18 11:59:59.999,2166567.0,2.3145,2.3145,True
2022-03-18 12:00:00,2.798,2.945,2.777,2.914,2022-03-18 23:59:59.999,3613737.4,2.3145,2.3145,True
2022-03-19 00:00:00,2.914,2.999,2.911,2.98,2022-03-19 11:59:59.999,3068357.0,2.3145,2.3145,True
2022-03-19 12:00:00,2.979,3.05,2.928,2.982,2022-03-19 23:59:59.999,3764965.5,2.3145,2.3145,True
2022-03-20 00:00:00,2.982,3.08,2.903,2.914,2022-03-20 11:59:59.999,3683470.6,2.3145,2.3145,True
2022-03-20 12:00:00,2.913,2.923,2.821,2.88,2022-03-20 23:59:59.999,2849043.6,2.3145,2.3145,True
2022-03-21 00:00:00,2.88,2.957,2.814,2.915,2022-03-21 11:59:59.999,3548483.8,2.3145,2.3145,True
2022-03-21 12:00:00,2.915,2.955,2.863,2.931,2022-03-21 23:59:59.999,2703313.1,2.3145,2.3145,True
2022-03-22 00:00:00,2.93,3.094,2.901,3.088,2022-03-22 11:59:59.999,4189170.3,2.3145,2.3145,True
2022-03-22 12:00:00,3.088,3.187,3.06,3.067,2022-03-22 23:59:59.999,5540456.7,2.3145,2.3145,True
2022-03-23 00:00:00,3.066,3.19,3.03,3.169,2022-03-23 11:59:59.999,4483762.0,2.3145,2.3145,True
2022-03-23 12:00:00,3.168,3.214,3.104,3.198,2022-03-23 23:59:59.999,4261275.2,2.3145,2.3145,True
2022-03-24 00:00:00,3.198,3.294,3.126,3.251,2022-03-24 11:59:59.999,4876909.2,2.3145,2.3145,True
2022-03-24 12:00:00,3.251,3.345,3.147,3.291,2022-03-24 23:59:59.999,5973395.8,2.3145,2.3145,True
2022-03-25 00:00:00,3.291,3.307,3.179,3.274,2022-03-25 11:59:59.999,3593818.5,2.3145,2.3145,True
2022-03-25 12:00:00,3.275,3.31,3.093,3.171,2022-03-25 23:59:59.999,3759683.1,2.3145,2.3145,True
2022-03-26 00:00:00,3.17,3.252,3.151,3.21,2022-03-26 11:59:59.999,1709621.8,2.3145,2.3145,True
2022-03-26 12:00:00,3.21,3.303,3.166,3.301,2022-03-26 23:59:59.999,2596246.0,2.3145,2.3145,True
2022-03-27 00:00:00,3.301,3.482,3.289,3.36,2022-03-27 11:59:59.999,4877080.9,2.3145,2.3145,True
2022-03-27 12:00:00,3.359,3.65,3.282,3.578,2022-03-27 23:59:59.999,10558780.6,2.3145,2.3145,True
2022-03-28 00:00:00,3.579,3.922,3.544,3.859,2022-03-28 11:59:59.999,8748462.5,2.3145,2.3145,True
2022-03-28 12:00:00,3.86,3.872,3.566,3.617,2022-03-28 23:59:59.999,9005261.0,2.3145,2.3145,True
2022-03-29 00:00:00,3.619,3.953,3.607,3.89,2022-03-29 11:59:59.999,10669774.9,2.3145,2.3145,True
2022-03-29 12:00:00,3.89,4.109,3.72,3.898,2022-03-29 23:59:59.999,12117429.8,2.3145,2.3145,True
2022-03-30 00:00:00,3.897,4.118,3.71,4.099,2022-03-30 11:59:59.999,7698793.5,2.3145,2.3145,True
2022-03-30 12:00:00,4.1,4.138,3.899,3.921,2022-03-30 23:59:59.999,7475010.9,2.3145,2.3145,True
2022-03-31 00:00:00,3.922,4.38,3.877,4.28,2022-03-31 11:59:59.999,10653033.6,2.3145,2.3145,True
2022-03-31 12:00:00,4.281,4.295,3.89,4.198,2022-03-31 23:59:59.999,16794052.6,2.3145,2.3145,True
2022-04-01 00:00:00,4.198,4.39,3.939,3.983,2022-04-01 11:59:59.999,15443120.9,2.3145,2.3145,True
2022-04-01 12:00:00,3.984,4.199,3.9,4.087,2022-04-01 23:59:59.999,7193340.7,2.3145,2.3145,True
2022-04-02 00:00:00,4.089,4.369,4.043,4.209,2022-04-02 11:59:59.999,6232799.3,2.3145,2.3145,True
2022-04-02 12:00:00,4.208,4.256,4.0,4.078,2022-04-02 23:59:59.999,6352090.9,2.3145,2.3145,True
2022-04-03 00:00:00,4.077,4.15,3.931,4.064,2022-04-03 11:59:59.999,3803064.3,2.3145,2.3145,True
2022-04-03 12:00:00,4.063,4.106,3.976,4.04,2022-04-03 23:59:59.999,3761062.2,2.3145,2.3145,True
2022-04-04 00:00:00,4.041,4.046,3.818,3.877,2022-04-04 11:59:59.999,5546490.8,2.3145,2.3145,True
2022-04-04 12:00:00,3.876,3.921,3.625,3.844,2022-04-04 23:59:59.999,6435690.6,2.3145,2.3145,True
2022-04-05 00:00:00,3.843,3.94,3.81,3.926,2022-04-05 11:59:59.999,3100065.1,2.3145,2.3145,True
2022-04-05 12:00:00,3.926,3.973,3.666,3.691,2022-04-05 23:59:59.999,5748802.5,2.3145,2.3145,True
2022-04-06 00:00:00,3.692,3.756,3.5,3.575,2022-04-06 11:59:59.999,5928679.8,2.3145,2.3145,True
2022-04-06 12:00:00,3.571,3.619,3.277,3.29,2022-04-06 23:59:59.999,8831514.1,2.3145,2.3145,True
2022-04-07 00:00:00,3.291,3.498,3.252,3.479,2022-04-07 11:59:59.999,4020272.6,2.3145,2.3145,True
2022-04-07 12:00:00,3.478,3.534,3.353,3.482,2022-04-07 23:59:59.999,3178016.7,2.3145,2.3145,True
2022-04-08 00:00:00,3.482,3.539,3.39,3.404,2022-04-08 11:59:59.999,2241988.8,2.3145,2.3145,True
2022-04-08 12:00:00,3.405,3.598,3.301,3.329,2022-04-08 23:59:59.999,5331792.0,2.3145,2.3145,True
2022-04-09 00:00:00,3.327,3.516,3.317,3.398,2022-04-09 11:59:59.999,3117484.5,2.3145,2.3145,True
2022-04-09 12:00:00,3.399,3.462,3.322,3.461,2022-04-09 23:59:59.999,1966009.6,2.3145,2.3145,True
2022-04-10 00:00:00,3.461,3.502,3.405,3.498,2022-04-10 11:59:59.999,2000030.3,2.3145,2.3145,True
2022-04-10 12:00:00,3.497,3.564,3.317,3.329,2022-04-10 23:59:59.999,3448042.2,2.3145,2.3145,True
2022-04-11 00:00:00,3.33,3.345,3.042,3.065,2022-04-11 11:59:59.999,4577607.1,2.3145,2.3145,True
2022-04-11 12:00:00,3.065,3.099,2.938,3.009,2022-04-11 23:59:59.999,4991392.8,2.3145,2.3145,True
2022-04-12 00:00:00,3.009,3.13,2.97,3.126,2022-04-12 11:59:59.999,3412518.7,2.3145,2.3145,True
2022-04-12 12:00:00,3.128,3.181,2.946,3.089,2022-04-12 23:59:59.999,5237866.9,2.3145,2.3145,True
2022-04-13 00:00:00,3.089,3.141,3.004,3.005,2022-04-13 11:59:59.999,2497389.4,2.3145,2.3145,True
2022-04-13 12:00:00,3.005,3.199,2.981,3.169,2022-04-13 23:59:59.999,3931625.6,2.3145,2.3145,True
2022-04-14 00:00:00,3.169,3.22,3.121,3.125,2022-04-14 11:59:59.999,2019054.4,2.3145,2.3145,True
2022-04-14 12:00:00,3.125,3.187,2.971,3.035,2022-04-14 23:59:59.999,3644878.3,2.3145,2.3145,True
2022-04-15 00:00:00,3.036,3.084,2.998,3.043,2022-04-15 11:59:59.999,1741354.3,2.3145,2.3145,True
2022-04-15 12:00:00,3.044,3.065,2.983,3.05,2022-04-15 23:59:59.999,2164499.3,2.3145,2.3145,True
2022-04-16 00:00:00,3.051,3.077,3.027,3.038,2022-04-16 11:59:59.999,974965.0,2.3145,2.3145,True
2022-04-16 12:00:00,3.038,3.072,2.959,3.049,2022-04-16 23:59:59.999,2065171.0,2.3145,2.3145,True
2022-04-17 00:00:00,3.049,3.058,2.997,3.041,2022-04-17 11:59:59.999,1441878.9,2.3145,2.3145,True
2022-04-17 12:00:00,3.041,3.094,2.854,2.87,2022-04-17 23:59:59.999,3160323.6,2.3145,2.3145,True
2022-04-18 00:00:00,2.87,2.923,2.754,2.843,2022-04-18 11:59:59.999,4192056.6,2.3145,2.3145,True
2022-04-18 12:00:00,2.843,3.05,2.841,3.041,2022-04-18 23:59:59.999,4356783.1,2.3145,2.3145,True
2022-04-19 00:00:00,3.041,3.099,2.996,3.059,2022-04-19 11:59:59.999,2902129.7,2.3145,2.3145,True
2022-04-19 12:00:00,3.06,3.177,3.06,3.154,2022-04-19 23:59:59.999,3018838.1,2.3145,2.3145,True
2022-04-20 00:00:00,3.154,3.213,3.085,3.196,2022-04-20 11:59:59.999,2652118.9,2.3145,2.3145,True
2022-04-20 12:00:00,3.195,3.2,3.017,3.095,2022-04-20 23:59:59.999,3928945.8,2.3145,2.3145,True
2022-04-21 00:00:00,3.095,3.541,3.09,3.474,2022-04-21 11:59:59.999,13391230.1,2.3145,2.3145,True
2022-04-21 12:00:00,3.475,3.507,3.174,3.246,2022-04-21 23:59:59.999,10599280.6,2.3145,2.3145,True
2022-04-22 00:00:00,3.246,3.5,3.213,3.309,2022-04-22 11:59:59.999,7979389.8,2.3145,2.3145,True
2022-04-22 12:00:00,3.308,3.319,3.121,3.129,2022-04-22 23:59:59.999,5093004.4,2.3145,2.3145,True
2022-04-23 00:00:00,3.129,3.157,3.034,3.128,2022-04-23 11:59:59.999,2572042.9,2.3145,2.3145,True
2022-04-23 12:00:00,3.129,3.171,3.076,3.105,2022-04-23 23:59:59.999,2004978.5,2.3145,2.3145,True
2022-04-24 00:00:00,3.105,3.208,3.068,3.078,2022-04-24 11:59:59.999,2220792.9,2.3145,2.3145,True
2022-04-24 12:00:00,3.077,3.092,2.952,2.996,2022-04-24 23:59:59.999,3844846.7,2.3145,2.3145,True
2022-04-25 00:00:00,2.996,3.009,2.77,2.872,2022-04-25 11:59:59.999,5622447.2,2.3145,2.3145,True
2022-04-25 12:00:00,2.871,3.032,2.838,3.029,2022-04-25 23:59:59.999,3415865.0,2.3145,2.3145,True
2022-04-26 00:00:00,3.029,3.119,3.013,3.052,2022-04-26 11:59:59.999,3570675.5,2.3145,2.3145,True
2022-04-26 12:00:00,3.052,3.077,2.665,2.733,2022-04-26 23:59:59.999,7424636.2,2.3145,2.3145,True
2022-04-27 00:00:00,2.732,2.845,2.7,2.778,2022-04-27 11:59:59.999,3223162.2,2.3145,2.3145,True
2022-04-27 12:00:00,2.778,2.833,2.718,2.82,2022-04-27 23:59:59.999,3449088.0,2.3145,2.3145,True
2022-04-28 00:00:00,2.82,2.861,2.763,2.821,2022-04-28 11:59:59.999,2333433.0,2.3145,2.3145,True
2022-04-28 12:00:00,2.822,2.827,2.696,2.768,2022-04-28 23:59:59.999,4156781.1,2.3145,2.3145,True
2022-04-29 00:00:00,2.769,2.792,2.585,2.626,2022-04-29 11:59:59.999,3865780.7,2.3145,2.3145,True
2022-04-29 12:00:00,2.626,2.67,2.472,2.559,2022-04-29 23:59:59.999,5197324.9,2.3145,2.3145,True
2022-04-30 00:00:00,2.559,2.597,2.522,2.545,2022-04-30 11:59:59.999,2452014.0,2.3145,2.3145,True
2022-04-30 12:00:00,2.544,2.555,2.13,2.209,2022-04-30 23:59:59.999,7636091.469,0.2865,0.2865,False
2022-05-01 00:00:00,2.208,2.316,2.159,2.243,2022-05-01 11:59:59.999,6998007.6,0.3285,0.3285,False
2022-05-01 12:00:00,2.243,2.377,2.224,2.347,2022-05-01 23:59:59.999,5509877.3,0.4815,0.4815,False
2022-05-02 00:00:00,2.347,2.384,2.248,2.262,2022-05-02 11:59:59.999,4063746.7,0.5725,0.5725,False
2022-05-02 12:00:00,2.261,2.362,2.243,2.313,2022-05-02 23:59:59.999,6677988.8,0.5985,0.5985,False
2022-05-03 00:00:00,2.313,2.428,2.289,2.403,2022-05-03 11:59:59.999,3629397.8,0.6465,0.6465,False
2022-05-03 12:00:00,2.403,2.412,2.233,2.306,2022-05-03 23:59:59.999,4715219.6,0.5685,0.5685,False
2022-05-04 00:00:00,2.307,2.419,2.28,2.399,2022-05-04 11:59:59.999,3508808.2,0.596,0.596,False
2022-05-04 12:00:00,2.399,2.611,2.323,2.596,2022-05-04 23:59:59.999,8845749.2,0.6395,0.6395,False
2022-05-05 00:00:00,2.599,2.643,2.523,2.533,2022-05-05 11:59:59.999,4501221.8,0.815,0.815,False
2022-05-05 12:00:00,2.533,2.549,2.206,2.293,2022-05-05 23:59:59.999,10591881.3,0.535,0.535,False
2022-05-06 00:00:00,2.294,2.298,2.152,2.183,2022-05-06 11:59:59.999,4709870.3,0.3625,0.3625,False
2022-05-06 12:00:00,2.183,2.3,2.16,2.223,2022-05-06 23:59:59.999,7715564.4,0.5035,0.5035,False
2022-05-07 00:00:00,2.223,2.232,2.135,2.212,2022-05-07 11:59:59.999,4782712.1,0.481,0.481,False
2022-05-07 12:00:00,2.212,2.214,2.052,2.11,2022-05-07 23:59:59.999,5125539.854,0.407,0.407,False
2022-05-08 00:00:00,2.109,2.158,2.039,2.135,2022-05-08 11:59:59.999,4760910.8,0.362,0.362,False
2022-05-08 12:00:00,2.135,2.146,2.048,2.086,2022-05-08 23:59:59.999,5649844.3,0.377,0.377,False
2022-05-09 00:00:00,2.086,2.155,1.867,1.922,2022-05-09 11:59:59.999,9041668.795,0.2505,0.2505,False
2022-05-09 12:00:00,1.922,1.956,1.652,1.681,2022-05-09 23:59:59.999,21449412.893,-0.0095,-0.0095,False
2022-05-10 00:00:00,1.68,1.917,1.602,1.898,2022-05-10 11:59:59.999,24259176.3,-0.174,-0.174,False
2022-05-10 12:00:00,1.898,1.942,1.678,1.781,2022-05-10 23:59:59.999,13285296.1,-0.043,-0.043,False
2022-05-11 00:00:00,1.78,1.851,1.533,1.579,2022-05-11 11:59:59.999,19430107.3,-0.2415,-0.2415,False
2022-05-11 12:00:00,1.58,1.633,1.239,1.332,2022-05-11 23:59:59.999,28099739.25,-0.618,-0.618,False
2022-05-12 00:00:00,1.331,1.417,1.027,1.185,2022-05-12 11:59:59.999,31083054.8,-0.959,-0.959,False
2022-05-12 12:00:00,1.185,1.335,1.148,1.21,2022-05-12 23:59:59.999,9566683.6,-0.9735,-0.9735,False
2022-05-13 00:00:00,1.21,1.514,1.201,1.508,2022-05-13 11:59:59.999,12515567.1,-0.9445,-0.9445,False
2022-05-13 12:00:00,1.508,1.538,1.373,1.401,2022-05-13 23:59:59.999,11119066.7,-0.8395,-0.8395,False
2022-05-14 00:00:00,1.401,1.516,1.326,1.366,2022-05-14 11:59:59.999,11706549.8,-0.8995,-0.8995,False
2022-05-14 12:00:00,1.367,1.443,1.288,1.432,2022-05-14 23:59:59.999,9607899.5,-0.8885,-0.8885,False
2022-05-15 00:00:00,1.432,1.454,1.351,1.429,2022-05-15 11:59:59.999,6012417.6,-0.843,-0.843,False
2022-05-15 12:00:00,1.429,1.481,1.351,1.475,2022-05-15 23:59:59.999,8338063.7,-0.723,-0.723,False
2022-05-16 00:00:00,1.475,1.475,1.302,1.346,2022-05-16 11:59:59.999,6617091.9,-0.764,-0.764,False
2022-05-16 12:00:00,1.346,1.392,1.307,1.346,2022-05-16 23:59:59.999,5838127.6,-0.7755,-0.7755,False
2022-05-17 00:00:00,1.346,1.413,1.344,1.374,2022-05-17 11:59:59.999,4430815.1,-0.7325,-0.7325,False
2022-05-17 12:00:00,1.375,1.428,1.295,1.39,2022-05-17 23:59:59.999,6431117.4,-0.735,-0.735,False
2022-05-18 00:00:00,1.39,1.428,1.33,1.339,2022-05-18 11:59:59.999,4424840.9,-0.707,-0.707,False
2022-05-18 12:00:00,1.338,1.338,1.205,1.217,2022-05-18 23:59:59.999,6184581.0,-0.8325,-0.8325,False
2022-05-19 00:00:00,1.217,1.252,1.154,1.247,2022-05-19 11:59:59.999,4629420.9,-0.806,-0.806,False
2022-05-19 12:00:00,1.247,1.318,1.224,1.283,2022-05-19 23:59:59.999,4731569.5,-0.633,-0.633,False
2022-05-20 00:00:00,1.284,1.328,1.252,1.315,2022-05-20 11:59:59.999,5774731.8,-0.4945,-0.4945,False
2022-05-20 12:00:00,1.315,1.325,1.184,1.219,2022-05-20 23:59:59.999,5438607.7,-0.4685,-0.4685,False
2022-05-21 00:00:00,1.22,1.242,1.179,1.219,2022-05-21 11:59:59.999,3237664.0,-0.385,-0.385,False
2022-05-21 12:00:00,1.219,1.268,1.205,1.25,2022-05-21 23:59:59.999,3422375.8,-0.1935,-0.1935,False
2022-05-22 00:00:00,1.25,1.318,1.22,1.293,2022-05-22 11:59:59.999,4716459.8,-0.015,-0.015,False
2022-05-22 12:00:00,1.293,1.333,1.261,1.314,2022-05-22 23:59:59.999,4915130.4,0.0705,0.0705,False
2022-05-23 00:00:00,1.313,1.364,1.277,1.358,2022-05-23 11:59:59.999,4461071.7,0.207,0.207,False
2022-05-23 12:00:00,1.358,1.369,1.21,1.231,2022-05-23 23:59:59.999,7228442.7,0.179,0.179,False
2022-05-24 00:00:00,1.232,1.267,1.213,1.248,2022-05-24 11:59:59.999,4398469.0,0.1975,0.1975,False
2022-05-24 12:00:00,1.247,1.278,1.172,1.273,2022-05-24 23:59:59.999,6532720.3,0.207,0.207,False
2022-05-25 00:00:00,1.272,1.295,1.208,1.212,2022-05-25 11:59:59.999,4321622.5,0.2415,0.2415,False
2022-05-25 12:00:00,1.212,1.253,1.207,1.235,2022-05-25 23:59:59.999,4380016.9,0.262,0.262,False
2022-05-26 00:00:00,1.235,1.269,1.101,1.113,2022-05-26 11:59:59.999,7383951.8,0.2195,0.2195,False
2022-05-26 12:00:00,1.113,1.175,1.067,1.133,2022-05-26 23:59:59.999,6647094.4,0.144,0.144,False
2022-05-27 00:00:00,1.132,1.154,1.067,1.126,2022-05-27 11:59:59.999,6731150.1,0.1245,0.1245,False
2022-05-27 12:00:00,1.125,1.151,1.064,1.098,2022-05-27 23:59:59.999,5439645.9,0.1445,0.1445,False
2022-05-28 00:00:00,1.098,1.138,1.075,1.106,2022-05-28 11:59:59.999,3348263.7,0.161,0.161,False
2022-05-28 12:00:00,1.105,1.145,1.102,1.127,2022-05-28 23:59:59.999,3241943.0,0.2235,0.2235,False
2022-05-29 00:00:00,1.128,1.137,1.083,1.119,2022-05-29 11:59:59.999,3421064.0,0.232,0.232,False
2022-05-29 12:00:00,1.12,1.18,1.115,1.173,2022-05-29 23:59:59.999,3928689.4,0.284,0.284,False
2022-05-30 00:00:00,1.173,1.267,1.148,1.249,2022-05-30 11:59:59.999,5498495.9,0.3225,0.3225,False
2022-05-30 12:00:00,1.248,1.35,1.229,1.329,2022-05-30 23:59:59.999,5574096.3,0.4145,0.4145,False
2022-05-31 00:00:00,1.329,1.392,1.295,1.351,2022-05-31 11:59:59.999,5451921.3,0.4515,0.4515,False
2022-05-31 12:00:00,1.351,1.397,1.274,1.341,2022-05-31 23:59:59.999,7968052.7,0.4135,0.4135,False
2022-06-01 00:00:00,1.342,1.397,1.312,1.321,2022-06-01 11:59:59.999,9481237.5,0.439,0.439,False
2022-06-01 12:00:00,1.322,1.345,1.155,1.2,2022-06-01 23:59:59.999,7711004.8,0.2755,0.2755,False
2022-06-02 00:00:00,1.2,1.225,1.173,1.224,2022-06-02 11:59:59.999,3870518.8,0.242,0.242,False
2022-06-02 12:00:00,1.223,1.252,1.18,1.243,2022-06-02 23:59:59.999,3865791.9,0.3025,0.3025,False
2022-06-03 00:00:00,1.243,1.248,1.159,1.173,2022-06-03 11:59:59.999,2686873.7,0.2725,0.2725,False
2022-06-03 12:00:00,1.172,1.213,1.161,1.196,2022-06-03 23:59:59.999,2004639.2,0.283,0.283,False
2022-06-04 00:00:00,1.196,1.217,1.169,1.196,2022-06-04 11:59:59.999,2312160.8,0.3085,0.3085,False
2022-06-04 12:00:00,1.197,1.206,1.16,1.195,2022-06-04 23:59:59.999,2005421.9,0.2985,0.2985,False
2022-06-05 00:00:00,1.196,1.205,1.17,1.189,2022-06-05 11:59:59.999,1853266.1,0.3695,0.3695,False
2022-06-05 12:00:00,1.189,1.23,1.181,1.21,2022-06-05 23:59:59.999,1875782.9,0.417,0.417,False
2022-06-06 00:00:00,1.209,1.395,1.207,1.339,2022-06-06 11:59:59.999,8678463.5,0.462,0.462,False
2022-06-06 12:00:00,1.34,1.384,1.281,1.309,2022-06-06 23:59:59.999,7550078.3,0.4855,0.4855,False
2022-06-07 00:00:00,1.309,1.31,1.184,1.204,2022-06-07 11:59:59.999,3998100.2,0.3685,0.3685,False
2022-06-07 12:00:00,1.202,1.284,1.194,1.242,2022-06-07 23:59:59.999,4314570.0,0.337,0.337,False
2022-06-08 00:00:00,1.241,1.409,1.225,1.378,2022-06-08 11:59:59.999,12475354.1,0.35,0.35,False
2022-06-08 12:00:00,1.378,1.393,1.322,1.325,2022-06-08 23:59:59.999,5413988.4,0.3875,0.3875,False
2022-06-09 00:00:00,1.325,1.449,1.305,1.402,2022-06-09 11:59:59.999,8835869.8,0.3945,0.3945,False
2022-06-09 12:00:00,1.401,1.472,1.367,1.42,2022-06-09 23:59:59.999,9359464.7,0.445,0.445,False
2022-06-10 00:00:00,1.42,1.485,1.356,1.387,2022-06-10 11:59:59.999,8875672.3,0.43,0.43,False
2022-06-10 12:00:00,1.388,1.407,1.284,1.309,2022-06-10 23:59:59.999,6766580.7,0.355,0.355,False
2022-06-11 00:00:00,1.309,1.425,1.292,1.298,2022-06-11 11:59:59.999,8387551.2,0.344,0.344,False
2022-06-11 12:00:00,1.298,1.323,1.186,1.216,2022-06-11 23:59:59.999,8160220.1,0.2665,0.2665,False
2022-06-12 00:00:00,1.216,1.255,1.08,1.145,2022-06-12 11:59:59.999,9511842.3,0.118,0.118,False
2022-06-12 12:00:00,1.145,1.199,1.082,1.085,2022-06-12 23:59:59.999,6735226.2,0.0685,0.0685,False
2022-06-13 00:00:00,1.083,1.13,0.956,0.983,2022-06-13 11:59:59.999,13192500.1,-0.0715,-0.0715,False
2022-06-13 12:00:00,0.984,1.23,0.963,1.156,2022-06-13 23:59:59.999,14664471.5,-0.1255,-0.1255,False
2022-06-14 00:00:00,1.155,1.225,1.022,1.15,2022-06-14 11:59:59.999,15095783.5,-0.176,-0.176,False
2022-06-14 12:00:00,1.15,1.175,1.095,1.145,2022-06-14 23:59:59.999,7502150.6,-0.1815,-0.1815,False
2022-06-15 00:00:00,1.144,1.152,1.023,1.107,2022-06-15 11:59:59.999,7250341.4,-0.276,-0.276,False
2022-06-15 12:00:00,1.105,1.38,1.057,1.342,2022-06-15 23:59:59.999,13864086.1,-0.282,-0.282,False
2022-06-16 00:00:00,1.342,1.376,1.136,1.157,2022-06-16 11:59:59.999,10848626.1,-0.2705,-0.2705,False
2022-06-16 12:00:00,1.156,1.252,1.126,1.193,2022-06-16 23:59:59.999,11953069.6,-0.349,-0.349,False
2022-06-17 00:00:00,1.193,1.277,1.174,1.222,2022-06-17 11:59:59.999,7714355.5,-0.301,-0.301,False
2022-06-17 12:00:00,1.222,1.23,1.183,1.209,2022-06-17 23:59:59.999,5543090.1,-0.2985,-0.2985,False
2022-06-18 00:00:00,1.208,1.268,1.1,1.145,2022-06-18 11:59:59.999,11649646.0,-0.313,-0.313,False
2022-06-18 12:00:00,1.145,1.174,1.056,1.157,2022-06-18 23:59:59.999,7313737.8,-0.4055,-0.4055,False
2022-06-19 00:00:00,1.16,1.198,1.108,1.176,2022-06-19 11:59:59.999,6883016.4,-0.3405,-0.3405,False
2022-06-19 12:00:00,1.176,1.25,1.147,1.221,2022-06-19 23:59:59.999,5986875.1,-0.294,-0.294,False
2022-06-20 00:00:00,1.221,1.333,1.208,1.316,2022-06-20 11:59:59.999,6795371.0,-0.22,-0.22,False
2022-06-20 12:00:00,1.317,1.32,1.228,1.276,2022-06-20 23:59:59.999,5373144.3,-0.201,-0.201,False
2022-06-21 00:00:00,1.276,1.365,1.244,1.311,2022-06-21 11:59:59.999,5958880.6,-0.1645,-0.1645,False
2022-06-21 12:00:00,1.311,1.395,1.237,1.272,2022-06-21 23:59:59.999,7582318.8,-0.1635,-0.1635,False
2022-06-22 00:00:00,1.273,1.28,1.203,1.264,2022-06-22 11:59:59.999,5616527.0,-0.189,-0.189,False
2022-06-22 12:00:00,1.264,1.284,1.214,1.221,2022-06-22 23:59:59.999,5117809.3,-0.158,-0.158,False
2022-06-23 00:00:00,1.222,1.308,1.22,1.288,2022-06-23 11:59:59.999,4768463.3,-0.1,-0.1,False
2022-06-23 12:00:00,1.287,1.315,1.236,1.297,2022-06-23 23:59:59.999,4328979.0,0.0055,0.0055,False
2022-06-24 00:00:00,1.298,1.42,1.291,1.384,2022-06-24 11:59:59.999,8782092.7,0.1225,0.1225,False
2022-06-24 12:00:00,1.384,1.435,1.355,1.387,2022-06-24 23:59:59.999,5371989.2,0.162,0.162,False
2022-06-25 00:00:00,1.388,1.55,1.366,1.436,2022-06-25 11:59:59.999,10322229.4,0.1975,0.1975,False
2022-06-25 12:00:00,1.438,1.485,1.367,1.473,2022-06-25 23:59:59.999,5783834.6,0.268,0.268,False
2022-06-26 00:00:00,1.473,1.51,1.429,1.485,2022-06-26 11:59:59.999,4825316.1,0.391,0.391,False
2022-06-26 12:00:00,1.486,1.489,1.327,1.336,2022-06-26 23:59:59.999,5548924.0,0.3115,0.3115,False
2022-06-27 00:00:00,1.336,1.415,1.326,1.371,2022-06-27 11:59:59.999,3646821.8,0.281,0.281,False
2022-06-27 12:00:00,1.372,1.39,1.291,1.33,2022-06-27 23:59:59.999,5182429.6,0.225,0.225,False
2022-06-28 00:00:00,1.33,1.375,1.293,1.354,2022-06-28 11:59:59.999,4016369.4,0.2615,0.2615,False
2022-06-28 12:00:00,1.354,1.377,1.252,1.263,2022-06-28 23:59:59.999,5004558.3,0.2385,0.2385,False
2022-06-29 00:00:00,1.262,1.287,1.222,1.242,2022-06-29 11:59:59.999,4118749.6,0.191,0.191,False
2022-06-29 12:00:00,1.243,1.256,1.201,1.235,2022-06-29 23:59:59.999,4472208.0,0.189,0.189,False
2022-06-30 00:00:00,1.237,1.238,1.108,1.14,2022-06-30 11:59:59.999,5409910.8,0.131,0.131,False
2022-06-30 12:00:00,1.14,1.2,1.109,1.198,2022-06-30 23:59:59.999,4526667.5,0.113,0.113,False
2022-07-01 00:00:00,1.198,1.231,1.133,1.153,2022-07-01 11:59:59.999,4610316.2,0.152,0.152,False
2022-07-01 12:00:00,1.154,1.203,1.14,1.17,2022-07-01 23:59:59.999,3693185.3,0.189,0.189,False
2022-07-02 00:00:00,1.171,1.181,1.137,1.161,2022-07-02 11:59:59.999,3142792.9,0.193,0.193,False
2022-07-02 12:00:00,1.162,1.192,1.155,1.185,2022-07-02 23:59:59.999,2514776.5,0.224,0.224,False
2022-07-03 00:00:00,1.184,1.214,1.147,1.198,2022-07-03 11:59:59.999,4782982.6,0.2415,0.2415,False
2022-07-03 12:00:00,1.198,1.232,1.189,1.218,2022-07-03 23:59:59.999,3718935.3,0.2895,0.2895,False
2022-07-04 00:00:00,1.218,1.235,1.177,1.228,2022-07-04 11:59:59.999,3376280.2,0.3205,0.3205,False
2022-07-04 12:00:00,1.228,1.255,1.203,1.252,2022-07-04 23:59:59.999,3835167.1,0.3575,0.3575,False
2022-07-05 00:00:00,1.253,1.27,1.185,1.191,2022-07-05 11:59:59.999,4665887.2,0.4055,0.4055,False
2022-07-05 12:00:00,1.189,1.243,1.158,1.2,2022-07-05 23:59:59.999,5598454.9,0.395,0.395,False
2022-07-06 00:00:00,1.2,1.227,1.181,1.21,2022-07-06 11:59:59.999,3134295.6,0.416,0.416,False
2022-07-06 12:00:00,1.21,1.24,1.199,1.227,2022-07-06 23:59:59.999,2384126.7,0.492,0.492,False
2022-07-07 00:00:00,1.226,1.255,1.217,1.252,2022-07-07 11:59:59.999,2596263.3,0.534,0.534,False
2022-07-07 12:00:00,1.252,1.297,1.239,1.281,2022-07-07 23:59:59.999,4142506.5,0.5865,0.5865,False
2022-07-08 00:00:00,1.282,1.311,1.225,1.241,2022-07-08 11:59:59.999,3850110.9,0.5845,0.5845,False
2022-07-08 12:00:00,1.242,1.266,1.217,1.242,2022-07-08 23:59:59.999,3244672.5,0.596,0.596,False
2022-07-09 00:00:00,1.241,1.277,1.241,1.253,2022-07-09 11:59:59.999,2120027.0,0.628,0.628,False
2022-07-09 12:00:00,1.252,1.285,1.249,1.267,2022-07-09 23:59:59.999,1638106.0,0.6455,0.6455,False
2022-07-10 00:00:00,1.267,1.271,1.221,1.23,2022-07-10 11:59:59.999,1963802.7,0.6645,0.6645,False
2022-07-10 12:00:00,1.229,1.237,1.193,1.195,2022-07-10 23:59:59.999,2254775.9,0.657,0.657,False
2022-07-11 00:00:00,1.196,1.196,1.158,1.177,2022-07-11 11:59:59.999,2227229.1,0.649,0.649,False
2022-07-11 12:00:00,1.177,1.196,1.128,1.139,2022-07-11 23:59:59.999,2406990.0,0.6315,0.6315,False
2022-07-12 00:00:00,1.139,1.153,1.112,1.129,2022-07-12 11:59:59.999,2063258.8,0.6035,0.6035,False
2022-07-12 12:00:00,1.129,1.15,1.085,1.088,2022-07-12 23:59:59.999,2734600.9,0.5745,0.5745,False
2022-07-13 00:00:00,1.087,1.136,1.08,1.13,2022-07-13 11:59:59.999,1765111.8,0.5705,0.5705,False
2022-07-13 12:00:00,1.13,1.154,1.055,1.15,2022-07-13 23:59:59.999,4794924.4,0.539,0.539,False
2022-07-14 00:00:00,1.149,1.155,1.093,1.102,2022-07-14 11:59:59.999,2370258.3,0.5565,0.5565,False
2022-07-14 12:00:00,1.102,1.173,1.093,1.166,2022-07-14 23:59:59.999,3734399.4,0.5515,0.5515,False
2022-07-15 00:00:00,1.165,1.191,1.155,1.163,2022-07-15 11:59:59.999,2383646.9,0.616,0.616,False
2022-07-15 12:00:00,1.163,1.191,1.144,1.166,2022-07-15 23:59:59.999,2462203.4,0.6295,0.6295,False
2022-07-16 00:00:00,1.166,1.17,1.133,1.147,2022-07-16 11:59:59.999,1574826.3,0.618,0.618,False
2022-07-16 12:00:00,1.146,1.196,1.145,1.192,2022-07-16 23:59:59.999,2662991.9,0.632,0.632,False
2022-07-17 00:00:00,1.192,1.214,1.171,1.186,2022-07-17 11:59:59.999,2469889.4,0.6515,0.6515,False
2022-07-17 12:00:00,1.186,1.207,1.155,1.203,2022-07-17 23:59:59.999,3467706.7,0.643,0.643,False
2022-07-18 00:00:00,1.203,1.29,1.188,1.262,2022-07-18 11:59:59.999,5996327.6,0.693,0.693,False
2022-07-18 12:00:00,1.264,1.299,1.235,1.293,2022-07-18 23:59:59.999,5385077.8,0.7135,0.7135,False
2022-07-19 00:00:00,1.293,1.33,1.251,1.322,2022-07-19 11:59:59.999,6084364.9,0.7155,0.7155,False
2022-07-19 12:00:00,1.322,1.353,1.302,1.326,2022-07-19 23:59:59.999,6004543.6,0.745,0.745,False
2022-07-20 00:00:00,1.327,1.365,1.284,1.307,2022-07-20 11:59:59.999,4901026.4,0.7265,0.7265,False
2022-07-20 12:00:00,1.307,1.34,1.212,1.23,2022-07-20 23:59:59.999,6092124.3,0.636,0.636,False
2022-07-21 00:00:00,1.229,1.252,1.19,1.217,2022-07-21 11:59:59.999,3030028.3,0.569,0.569,False
2022-07-21 12:00:00,1.216,1.283,1.2,1.257,2022-07-21 23:59:59.999,3190033.3,0.582,0.582,False
2022-07-22 00:00:00,1.256,1.308,1.247,1.306,2022-07-22 11:59:59.999,2259711.4,0.608,0.608,False
2022-07-22 12:00:00,1.307,1.31,1.21,1.223,2022-07-22 23:59:59.999,3187315.6,0.573,0.573,False
2022-07-23 00:00:00,1.223,1.305,1.211,1.245,2022-07-23 11:59:59.999,3701050.3,0.552,0.552,False
2022-07-23 12:00:00,1.244,1.319,1.231,1.301,2022-07-23 23:59:59.999,4870768.6,0.5745,0.5745,False
2022-07-24 00:00:00,1.299,1.344,1.287,1.332,2022-07-24 11:59:59.999,3918761.3,0.6175,0.6175,False
2022-07-24 12:00:00,1.332,1.333,1.281,1.288,2022-07-24 23:59:59.999,3122261.2,0.623,0.623,False
2022-07-25 00:00:00,1.287,1.3,1.22,1.227,2022-07-25 11:59:59.999,3427892.3,0.554,0.554,False
2022-07-25 12:00:00,1.227,1.232,1.158,1.161,2022-07-25 23:59:59.999,4612116.7,0.4755,0.4755,False
2022-07-26 00:00:00,1.161,1.176,1.146,1.161,2022-07-26 11:59:59.999,2429711.3,0.445,0.445,False
2022-07-26 12:00:00,1.161,1.199,1.139,1.198,2022-07-26 23:59:59.999,2708253.3,0.4485,0.4485,False
2022-07-27 00:00:00,1.196,1.205,1.172,1.175,2022-07-27 11:59:59.999,2452132.6,0.473,0.473,False
2022-07-27 12:00:00,1.176,1.279,1.173,1.279,2022-07-27 23:59:59.999,5023703.0,0.4835,0.4835,False
2022-07-28 00:00:00,1.279,1.292,1.253,1.291,2022-07-28 11:59:59.999,2758443.1,0.5615,0.5615,False
2022-07-28 12:00:00,1.29,1.37,1.246,1.346,2022-07-28 23:59:59.999,6959473.3,0.567,0.567,False
2022-07-29 00:00:00,1.346,1.476,1.346,1.379,2022-07-29 11:59:59.999,11308627.3,0.6445,0.6445,False
2022-07-29 12:00:00,1.379,1.464,1.366,1.416,2022-07-29 23:59:59.999,5676420.7,0.625,0.625,False
2022-07-30 00:00:00,1.416,1.475,1.4,1.438,2022-07-30 11:59:59.999,5060686.4,0.6505,0.6505,False
2022-07-30 12:00:00,1.437,1.5,1.37,1.388,2022-07-30 23:59:59.999,8620781.6,0.647,0.647,False
2022-07-31 00:00:00,1.39,1.425,1.357,1.386,2022-07-31 11:59:59.999,4277424.7,0.6,0.6,False
2022-07-31 12:00:00,1.387,1.45,1.323,1.338,2022-07-31 23:59:59.999,5933824.3,0.5735,0.5735,False
2022-08-01 00:00:00,1.338,1.397,1.328,1.359,2022-08-01 11:59:59.999,4652418.4,0.5455,0.5455,False
2022-08-01 12:00:00,1.359,1.5,1.313,1.482,2022-08-01 23:59:59.999,11912279.4,0.546,0.546,False
2022-08-02 00:00:00,1.482,1.585,1.377,1.405,2022-08-02 11:59:59.999,15776350.5,0.5635,0.5635,False
2022-08-02 12:00:00,1.405,1.431,1.352,1.37,2022-08-02 23:59:59.999,8566858.3,0.4785,0.4785,False
2022-08-03 00:00:00,1.369,1.423,1.322,1.417,2022-08-03 11:59:59.999,5690091.3,0.4375,0.4375,False
2022-08-03 12:00:00,1.418,1.438,1.363,1.381,2022-08-03 23:59:59.999,5672319.9,0.454,0.454,False
2022-08-04 00:00:00,1.382,1.452,1.379,1.391,2022-08-04 11:59:59.999,3852247.5,0.4725,0.4725,False
2022-08-04 12:00:00,1.392,1.428,1.363,1.416,2022-08-04 23:59:59.999,5499780.1,0.457,0.457,False
2022-08-05 00:00:00,1.417,1.567,1.409,1.561,2022-08-05 11:59:59.999,8135265.6,0.4855,0.4855,False
2022-08-05 12:00:00,1.561,1.654,1.508,1.632,2022-08-05 23:59:59.999,16900833.7,0.5355,0.5355,False
2022-08-06 00:00:00,1.633,1.635,1.56,1.563,2022-08-06 11:59:59.999,4995967.8,0.531,0.531,False
2022-08-06 12:00:00,1.564,1.587,1.536,1.553,2022-08-06 23:59:59.999,3871833.9,0.5225,0.5225,False
2022-08-07 00:00:00,1.553,1.625,1.517,1.607,2022-08-07 11:59:59.999,5164895.9,0.4975,0.4975,False
2022-08-07 12:00:00,1.608,1.7,1.6,1.662,2022-08-07 23:59:59.999,7039965.8,0.5885,0.5885,True
2022-08-08 00:00:00,1.662,1.715,1.65,1.688,2022-08-08 11:59:59.999,6920015.9,0.6535,0.6535,True
2022-08-08 12:00:00,1.687,1.688,1.579,1.618,2022-08-08 23:59:59.999,7473900.7,0.6535,0.6535,True
2022-08-09 00:00:00,1.617,1.652,1.541,1.544,2022-08-09 11:59:59.999,6216982.8,0.6535,0.6535,True
2022-08-09 12:00:00,1.543,1.561,1.486,1.523,2022-08-09 23:59:59.999,6017596.3,0.6535,0.6535,True
2022-08-10 00:00:00,1.523,1.54,1.472,1.534,2022-08-10 11:59:59.999,4204904.1,0.6535,0.6535,True
2022-08-10 12:00:00,1.535,1.628,1.526,1.612,2022-08-10 23:59:59.999,7865742.1,0.6535,0.6535,True
2022-08-11 00:00:00,1.612,1.638,1.591,1.602,2022-08-11 11:59:59.999,4930339.6,0.6535,0.6535,True
2022-08-11 12:00:00,1.603,1.625,1.556,1.57,2022-08-11 23:59:59.999,4923866.6,0.6535,0.6535,True
2022-08-12 00:00:00,1.57,1.645,1.542,1.557,2022-08-12 11:59:59.999,7513378.9,0.7035,0.7035,True
2022-08-12 12:00:00,1.557,1.633,1.556,1.623,2022-08-12 23:59:59.999,2988022.2,0.7055,0.7055,True
2022-08-13 00:00:00,1.624,1.643,1.585,1.597,2022-08-13 11:59:59.999,3736204.6,0.7465,0.7465,True
2022-08-13 12:00:00,1.598,1.609,1.576,1.588,2022-08-13 23:59:59.999,2068073.5,0.7465,0.7465,True
2022-08-14 00:00:00,1.589,1.636,1.578,1.605,2022-08-14 11:59:59.999,3362299.4,0.768,0.768,True
2022-08-14 12:00:00,1.604,1.604,1.503,1.525,2022-08-14 23:59:59.999,4953726.3,0.768,0.768,True
2022-08-15 00:00:00,1.526,1.576,1.481,1.491,2022-08-15 11:59:59.999,4925024.2,0.768,0.768,True
2022-08-15 12:00:00,1.49,1.52,1.457,1.488,2022-08-15 23:59:59.999,3467579.2,0.768,0.768,True
2022-08-16 00:00:00,1.488,1.508,1.453,1.494,2022-08-16 11:59:59.999,2511702.4,0.768,0.768,True
2022-08-16 12:00:00,1.495,1.499,1.427,1.446,2022-08-16 23:59:59.999,4606177.0,0.768,0.768,True
2022-08-17 00:00:00,1.446,1.521,1.441,1.464,2022-08-17 11:59:59.999,3823447.1,0.768,0.768,True
2022-08-17 12:00:00,1.464,1.467,1.372,1.393,2022-08-17 23:59:59.999,4566405.8,0.768,0.768,True
2022-08-18 00:00:00,1.393,1.421,1.379,1.419,2022-08-18 11:59:59.999,2154602.5,0.768,0.768,True
2022-08-18 12:00:00,1.42,1.428,1.301,1.324,2022-08-18 23:59:59.999,4234993.8,0.768,0.768,True
2022-08-19 00:00:00,1.323,1.326,1.189,1.219,2022-08-19 11:59:59.999,7726577.5,0.768,0.768,True
2022-08-19 12:00:00,1.218,1.218,1.209,1.211,2022-08-19 23:59:59.999,17199.5,0.768,0.768,True
